filename,symbol,timeframe,window_size,start_date,end_date,start_close_price,end_close_price,target_label,future_close_price,pct_change
EURUSD_1d_w20_00000.png,EURUSD,1d,20,2021-06-21 00:00:00,2021-07-16 00:00:00,1.18737,1.18118,0,1.17727,-0.331
EURUSD_1d_w20_00001.png,EURUSD,1d,20,2021-06-22 00:00:00,2021-07-19 00:00:00,1.19126,1.1814,0,1.17734,-0.343
EURUSD_1d_w20_00002.png,EURUSD,1d,20,2021-06-23 00:00:00,2021-07-20 00:00:00,1.19367,1.17938,0,1.18078,0.118
EURUSD_1d_w20_00003.png,EURUSD,1d,20,2021-06-24 00:00:00,2021-07-21 00:00:00,1.19332,1.17841,0,1.18231,0.331
EURUSD_1d_w20_00004.png,EURUSD,1d,20,2021-06-25 00:00:00,2021-07-22 00:00:00,1.19303,1.17927,0,1.1846,0.451
EURUSD_1d_w20_00005.png,EURUSD,1d,20,2021-06-28 00:00:00,2021-07-23 00:00:00,1.19422,1.17727,1,1.19054,1.127
EURUSD_1d_w20_00006.png,EURUSD,1d,20,2021-06-29 00:00:00,2021-07-26 00:00:00,1.19289,1.17734,1,1.1902,1.092
EURUSD_1d_w20_00007.png,EURUSD,1d,20,2021-06-30 00:00:00,2021-07-27 00:00:00,1.19019,1.18078,0,1.18747,0.566
EURUSD_1d_w20_00008.png,EURUSD,1d,20,2021-07-01 00:00:00,2021-07-28 00:00:00,1.18568,1.18231,0,1.18694,0.392
EURUSD_1d_w20_00009.png,EURUSD,1d,20,2021-07-02 00:00:00,2021-07-29 00:00:00,1.18462,1.1846,0,1.18374,-0.072
EURUSD_1d_w20_00010.png,EURUSD,1d,20,2021-07-05 00:00:00,2021-07-30 00:00:00,1.18562,1.1893,0,1.1832,-0.513
EURUSD_1d_w20_00011.png,EURUSD,1d,20,2021-07-06 00:00:00,2021-08-02 00:00:00,1.18638,1.1867,0,1.18093,-0.487
EURUSD_1d_w20_00012.png,EURUSD,1d,20,2021-07-07 00:00:00,2021-08-03 00:00:00,1.18245,1.18747,0,1.18206,-0.455
EURUSD_1d_w20_00013.png,EURUSD,1d,20,2021-07-08 00:00:00,2021-08-04 00:00:00,1.17934,1.18694,0,1.1816,-0.45
EURUSD_1d_w20_00014.png,EURUSD,1d,20,2021-07-09 00:00:00,2021-08-05 00:00:00,1.1848,1.18374,0,1.17839,-0.452
EURUSD_1d_w20_00015.png,EURUSD,1d,20,2021-07-12 00:00:00,2021-08-06 00:00:00,1.1873,1.18357,0,1.17807,-0.465
EURUSD_1d_w20_00016.png,EURUSD,1d,20,2021-07-13 00:00:00,2021-08-09 00:00:00,1.18652,1.17495,0,1.17947,0.385
EURUSD_1d_w20_00017.png,EURUSD,1d,20,2021-07-14 00:00:00,2021-08-10 00:00:00,1.17754,1.17385,0,1.17799,0.353
EURUSD_1d_w20_00018.png,EURUSD,1d,20,2021-07-15 00:00:00,2021-08-11 00:00:00,1.18333,1.17233,0,1.17097,-0.116
EURUSD_1d_w20_00019.png,EURUSD,1d,20,2021-07-16 00:00:00,2021-08-12 00:00:00,1.18118,1.17419,0,1.16872,-0.466
EURUSD_1d_w20_00020.png,EURUSD,1d,20,2021-07-19 00:00:00,2021-08-13 00:00:00,1.1814,1.17363,0,1.16802,-0.477
EURUSD_1d_w20_00021.png,EURUSD,1d,20,2021-07-20 00:00:00,2021-08-16 00:00:00,1.17938,1.17947,0,1.17385,-0.476
EURUSD_1d_w20_00022.png,EURUSD,1d,20,2021-07-21 00:00:00,2021-08-17 00:00:00,1.17841,1.17799,0,1.17209,-0.501
EURUSD_1d_w20_00023.png,EURUSD,1d,20,2021-07-22 00:00:00,2021-08-18 00:00:00,1.17927,1.17097,0,1.17531,0.37
EURUSD_1d_w20_00024.png,EURUSD,1d,20,2021-07-23 00:00:00,2021-08-19 00:00:00,1.17727,1.17033,0,1.17744,0.608
EURUSD_1d_w20_00025.png,EURUSD,1d,20,2021-07-26 00:00:00,2021-08-20 00:00:00,1.17734,1.16766,1,1.17931,0.998
EURUSD_1d_w20_00026.png,EURUSD,1d,20,2021-07-27 00:00:00,2021-08-23 00:00:00,1.18078,1.16975,0,1.1799,0.867
EURUSD_1d_w20_00027.png,EURUSD,1d,20,2021-07-28 00:00:00,2021-08-24 00:00:00,1.18231,1.17445,0,1.17969,0.446
EURUSD_1d_w20_00028.png,EURUSD,1d,20,2021-07-29 00:00:00,2021-08-25 00:00:00,1.1846,1.17531,0,1.18103,0.487
EURUSD_1d_w20_00029.png,EURUSD,1d,20,2021-07-30 00:00:00,2021-08-26 00:00:00,1.1893,1.17744,0,1.18409,0.565
EURUSD_1d_w20_00030.png,EURUSD,1d,20,2021-08-02 00:00:00,2021-08-27 00:00:00,1.1867,1.17564,1,1.1865,0.923
EURUSD_1d_w20_00031.png,EURUSD,1d,20,2021-08-03 00:00:00,2021-08-30 00:00:00,1.18747,1.1799,0,1.18859,0.737
EURUSD_1d_w20_00032.png,EURUSD,1d,20,2021-08-04 00:00:00,2021-08-31 00:00:00,1.18694,1.17969,0,1.18751,0.663
EURUSD_1d_w20_00033.png,EURUSD,1d,20,2021-08-05 00:00:00,2021-09-01 00:00:00,1.18374,1.18103,0,1.18436,0.282
EURUSD_1d_w20_00034.png,EURUSD,1d,20,2021-08-06 00:00:00,2021-09-02 00:00:00,1.18357,1.18409,0,1.18191,-0.184
EURUSD_1d_w20_00035.png,EURUSD,1d,20,2021-08-09 00:00:00,2021-09-03 00:00:00,1.17495,1.18765,0,1.18185,-0.488
EURUSD_1d_w20_00036.png,EURUSD,1d,20,2021-08-10 00:00:00,2021-09-06 00:00:00,1.17385,1.18859,0,1.18319,-0.455
EURUSD_1d_w20_00037.png,EURUSD,1d,20,2021-08-11 00:00:00,2021-09-07 00:00:00,1.17233,1.18751,0,1.18234,-0.435
EURUSD_1d_w20_00038.png,EURUSD,1d,20,2021-08-12 00:00:00,2021-09-08 00:00:00,1.17419,1.18436,0,1.17897,-0.455
EURUSD_1d_w20_00039.png,EURUSD,1d,20,2021-08-13 00:00:00,2021-09-09 00:00:00,1.17363,1.18191,0,1.17653,-0.455
EURUSD_1d_w20_00040.png,EURUSD,1d,20,2021-08-16 00:00:00,2021-09-10 00:00:00,1.17947,1.18259,0,1.17744,-0.435
EURUSD_1d_w20_00041.png,EURUSD,1d,20,2021-08-17 00:00:00,2021-09-13 00:00:00,1.17799,1.1812,0,1.17613,-0.429
EURUSD_1d_w20_00042.png,EURUSD,1d,20,2021-08-18 00:00:00,2021-09-14 00:00:00,1.17097,1.1812,0,1.17604,-0.436
EURUSD_1d_w20_00043.png,EURUSD,1d,20,2021-08-19 00:00:00,2021-09-15 00:00:00,1.17033,1.1805,0,1.17535,-0.436
EURUSD_1d_w20_00044.png,EURUSD,1d,20,2021-08-20 00:00:00,2021-09-16 00:00:00,1.16766,1.182,0,1.17683,-0.437
EURUSD_1d_w20_00045.png,EURUSD,1d,20,2021-08-23 00:00:00,2021-09-17 00:00:00,1.16975,1.17675,0,1.17133,-0.461
EURUSD_1d_w20_00046.png,EURUSD,1d,20,2021-08-24 00:00:00,2021-09-20 00:00:00,1.17445,1.17299,0,1.17231,-0.059
EURUSD_1d_w20_00047.png,EURUSD,1d,20,2021-08-25 00:00:00,2021-09-21 00:00:00,1.17531,1.17302,0,1.1677,-0.454
EURUSD_1d_w20_00048.png,EURUSD,1d,20,2021-08-26 00:00:00,2021-09-22 00:00:00,1.17744,1.17229,0,1.16722,-0.433
EURUSD_1d_w20_00049.png,EURUSD,1d,20,2021-08-27 00:00:00,2021-09-23 00:00:00,1.17564,1.16877,0,1.1637,-0.434
EURUSD_1d_w20_00050.png,EURUSD,1d,20,2021-08-30 00:00:00,2021-09-24 00:00:00,1.1799,1.17403,0,1.16873,-0.451
EURUSD_1d_w20_00051.png,EURUSD,1d,20,2021-08-31 00:00:00,2021-09-27 00:00:00,1.17969,1.17231,0,1.16698,-0.454
EURUSD_1d_w20_00052.png,EURUSD,1d,20,2021-09-01 00:00:00,2021-09-28 00:00:00,1.18103,1.16968,0,1.16449,-0.444
EURUSD_1d_w20_00053.png,EURUSD,1d,20,2021-09-02 00:00:00,2021-09-29 00:00:00,1.18409,1.16863,0,1.16309,-0.474
EURUSD_1d_w20_00054.png,EURUSD,1d,20,2021-09-03 00:00:00,2021-09-30 00:00:00,1.18765,1.16016,0,1.15403,-0.528
EURUSD_1d_w20_00055.png,EURUSD,1d,20,2021-09-06 00:00:00,2021-10-01 00:00:00,1.18859,1.15745,0,1.15598,-0.127
EURUSD_1d_w20_00056.png,EURUSD,1d,20,2021-09-07 00:00:00,2021-10-04 00:00:00,1.18751,1.16073,0,1.15452,-0.535
EURUSD_1d_w20_00057.png,EURUSD,1d,20,2021-09-08 00:00:00,2021-10-05 00:00:00,1.18436,1.16184,0,1.15559,-0.539
EURUSD_1d_w20_00058.png,EURUSD,1d,20,2021-09-09 00:00:00,2021-10-06 00:00:00,1.18191,1.15961,0,1.15323,-0.55
EURUSD_1d_w20_00059.png,EURUSD,1d,20,2021-09-10 00:00:00,2021-10-07 00:00:00,1.18259,1.15553,0,1.15996,0.383
EURUSD_1d_w20_00060.png,EURUSD,1d,20,2021-09-13 00:00:00,2021-10-08 00:00:00,1.1812,1.15598,0,1.15915,0.275
EURUSD_1d_w20_00061.png,EURUSD,1d,20,2021-09-14 00:00:00,2021-10-11 00:00:00,1.1812,1.1566,0,1.1597,0.268
EURUSD_1d_w20_00062.png,EURUSD,1d,20,2021-09-15 00:00:00,2021-10-12 00:00:00,1.1805,1.15537,0,1.16139,0.52
EURUSD_1d_w20_00063.png,EURUSD,1d,20,2021-09-16 00:00:00,2021-10-13 00:00:00,1.182,1.1534,1,1.16505,1.01
EURUSD_1d_w20_00064.png,EURUSD,1d,20,2021-09-17 00:00:00,2021-10-14 00:00:00,1.17675,1.15996,0,1.1655,0.478
EURUSD_1d_w20_00065.png,EURUSD,1d,20,2021-09-20 00:00:00,2021-10-15 00:00:00,1.17299,1.15915,0,1.16253,0.292
EURUSD_1d_w20_00066.png,EURUSD,1d,20,2021-09-21 00:00:00,2021-10-18 00:00:00,1.17302,1.1597,0,1.16401,0.371
EURUSD_1d_w20_00067.png,EURUSD,1d,20,2021-09-22 00:00:00,2021-10-19 00:00:00,1.17229,1.16139,0,1.16117,-0.019
EURUSD_1d_w20_00068.png,EURUSD,1d,20,2021-09-23 00:00:00,2021-10-20 00:00:00,1.16877,1.1632,0,1.15982,-0.29
EURUSD_1d_w20_00069.png,EURUSD,1d,20,2021-09-24 00:00:00,2021-10-21 00:00:00,1.17403,1.1655,0,1.16041,-0.437
EURUSD_1d_w20_00070.png,EURUSD,1d,20,2021-09-27 00:00:00,2021-10-22 00:00:00,1.17231,1.16253,0,1.15768,-0.418
EURUSD_1d_w20_00071.png,EURUSD,1d,20,2021-09-28 00:00:00,2021-10-25 00:00:00,1.16968,1.16401,0,1.1589,-0.439
EURUSD_1d_w20_00072.png,EURUSD,1d,20,2021-09-29 00:00:00,2021-10-26 00:00:00,1.16863,1.16117,0,1.1563,-0.419
EURUSD_1d_w20_00073.png,EURUSD,1d,20,2021-09-30 00:00:00,2021-10-27 00:00:00,1.16016,1.15982,0,1.15501,-0.415
EURUSD_1d_w20_00074.png,EURUSD,1d,20,2021-10-01 00:00:00,2021-10-28 00:00:00,1.15745,1.16001,0,1.15471,-0.457
EURUSD_1d_w20_00075.png,EURUSD,1d,20,2021-10-04 00:00:00,2021-10-29 00:00:00,1.16073,1.16836,0,1.16227,-0.522
EURUSD_1d_w20_00076.png,EURUSD,1d,20,2021-10-05 00:00:00,2021-11-01 00:00:00,1.16184,1.15567,0,1.15689,0.105
EURUSD_1d_w20_00077.png,EURUSD,1d,20,2021-10-06 00:00:00,2021-11-02 00:00:00,1.15961,1.15996,0,1.15307,-0.593
EURUSD_1d_w20_00078.png,EURUSD,1d,20,2021-10-07 00:00:00,2021-11-03 00:00:00,1.15553,1.15794,0,1.15145,-0.561
EURUSD_1d_w20_00079.png,EURUSD,1d,20,2021-10-08 00:00:00,2021-11-04 00:00:00,1.15598,1.16158,0,1.15468,-0.594
EURUSD_1d_w20_00080.png,EURUSD,1d,20,2021-10-11 00:00:00,2021-11-05 00:00:00,1.1566,1.15553,0,1.14819,-0.636
EURUSD_1d_w20_00081.png,EURUSD,1d,20,2021-10-12 00:00:00,2021-11-08 00:00:00,1.15537,1.15689,0,1.14975,-0.617
EURUSD_1d_w20_00082.png,EURUSD,1d,20,2021-10-13 00:00:00,2021-11-09 00:00:00,1.1534,1.15915,0,1.15202,-0.616
EURUSD_1d_w20_00083.png,EURUSD,1d,20,2021-10-14 00:00:00,2021-11-10 00:00:00,1.15996,1.15955,0,1.15208,-0.644
EURUSD_1d_w20_00084.png,EURUSD,1d,20,2021-10-15 00:00:00,2021-11-11 00:00:00,1.15915,1.14859,0,1.14035,-0.718
EURUSD_1d_w20_00085.png,EURUSD,1d,20,2021-10-18 00:00:00,2021-11-12 00:00:00,1.1597,1.14508,0,1.13701,-0.705
EURUSD_1d_w20_00086.png,EURUSD,1d,20,2021-10-19 00:00:00,2021-11-15 00:00:00,1.16139,1.14416,0,1.13614,-0.701
EURUSD_1d_w20_00087.png,EURUSD,1d,20,2021-10-20 00:00:00,2021-11-16 00:00:00,1.1632,1.13665,0,1.12811,-0.751
EURUSD_1d_w20_00088.png,EURUSD,1d,20,2021-10-21 00:00:00,2021-11-17 00:00:00,1.1655,1.13212,0,1.12368,-0.745
EURUSD_1d_w20_00089.png,EURUSD,1d,20,2021-10-22 00:00:00,2021-11-18 00:00:00,1.16253,1.13212,0,1.1244,-0.682
EURUSD_1d_w20_00090.png,EURUSD,1d,20,2021-10-25 00:00:00,2021-11-19 00:00:00,1.16401,1.13684,0,1.12926,-0.667
EURUSD_1d_w20_00091.png,EURUSD,1d,20,2021-10-26 00:00:00,2021-11-22 00:00:00,1.16117,1.12757,0,1.11948,-0.718
EURUSD_1d_w20_00092.png,EURUSD,1d,20,2021-10-27 00:00:00,2021-11-23 00:00:00,1.15982,1.12421,0,1.12934,0.456
EURUSD_1d_w20_00093.png,EURUSD,1d,20,2021-10-28 00:00:00,2021-11-24 00:00:00,1.16001,1.12449,0,1.13303,0.759
EURUSD_1d_w20_00094.png,EURUSD,1d,20,2021-10-29 00:00:00,2021-11-25 00:00:00,1.16836,1.1203,1,1.1355,1.357
EURUSD_1d_w20_00095.png,EURUSD,1d,20,2021-11-01 00:00:00,2021-11-26 00:00:00,1.15567,1.12096,1,1.13724,1.452
EURUSD_1d_w20_00096.png,EURUSD,1d,20,2021-11-02 00:00:00,2021-11-29 00:00:00,1.15996,1.12932,0,1.13048,0.103
EURUSD_1d_w20_00097.png,EURUSD,1d,20,2021-11-03 00:00:00,2021-11-30 00:00:00,1.15794,1.12934,0,1.12867,-0.06
EURUSD_1d_w20_00098.png,EURUSD,1d,20,2021-11-04 00:00:00,2021-12-01 00:00:00,1.16158,1.13303,0,1.12472,-0.733
EURUSD_1d_w20_00099.png,EURUSD,1d,20,2021-11-05 00:00:00,2021-12-02 00:00:00,1.15553,1.13195,0,1.12368,-0.73
EURUSD_1d_w20_00100.png,EURUSD,1d,20,2021-11-08 00:00:00,2021-12-03 00:00:00,1.15689,1.13062,0,1.12933,-0.114
EURUSD_1d_w20_00101.png,EURUSD,1d,20,2021-11-09 00:00:00,2021-12-06 00:00:00,1.15915,1.13048,0,1.13118,0.062
EURUSD_1d_w20_00102.png,EURUSD,1d,20,2021-11-10 00:00:00,2021-12-07 00:00:00,1.15955,1.12867,0,1.12854,-0.011
EURUSD_1d_w20_00103.png,EURUSD,1d,20,2021-11-11 00:00:00,2021-12-08 00:00:00,1.14859,1.12765,0,1.12613,-0.135
EURUSD_1d_w20_00104.png,EURUSD,1d,20,2021-11-12 00:00:00,2021-12-09 00:00:00,1.14508,1.13456,0,1.127,-0.666
EURUSD_1d_w20_00105.png,EURUSD,1d,20,2021-11-15 00:00:00,2021-12-10 00:00:00,1.14416,1.12933,0,1.13341,0.362
EURUSD_1d_w20_00106.png,EURUSD,1d,20,2021-11-16 00:00:00,2021-12-13 00:00:00,1.13665,1.13118,0,1.12397,-0.638
EURUSD_1d_w20_00107.png,EURUSD,1d,20,2021-11-17 00:00:00,2021-12-14 00:00:00,1.13212,1.12854,0,1.12775,-0.07
EURUSD_1d_w20_00108.png,EURUSD,1d,20,2021-11-18 00:00:00,2021-12-15 00:00:00,1.13212,1.12613,0,1.12876,0.234
EURUSD_1d_w20_00109.png,EURUSD,1d,20,2021-11-19 00:00:00,2021-12-16 00:00:00,1.13684,1.12908,0,1.13289,0.338
EURUSD_1d_w20_00110.png,EURUSD,1d,20,2021-11-22 00:00:00,2021-12-17 00:00:00,1.12757,1.13341,0,1.12645,-0.615
EURUSD_1d_w20_00111.png,EURUSD,1d,20,2021-11-23 00:00:00,2021-12-20 00:00:00,1.12421,1.12435,0,1.13243,0.718
EURUSD_1d_w20_00112.png,EURUSD,1d,20,2021-11-24 00:00:00,2021-12-21 00:00:00,1.12449,1.12775,0,1.133,0.466
EURUSD_1d_w20_00113.png,EURUSD,1d,20,2021-11-25 00:00:00,2021-12-22 00:00:00,1.1203,1.12876,0,1.13148,0.241
EURUSD_1d_w20_00114.png,EURUSD,1d,20,2021-11-26 00:00:00,2021-12-23 00:00:00,1.12096,1.13289,0,1.13602,0.276
EURUSD_1d_w20_00115.png,EURUSD,1d,20,2021-11-29 00:00:00,2021-12-24 00:00:00,1.12932,1.13273,0,1.1325,-0.02
EURUSD_1d_w20_00116.png,EURUSD,1d,20,2021-11-30 00:00:00,2021-12-27 00:00:00,1.12934,1.13243,0,1.13735,0.434
EURUSD_1d_w20_00117.png,EURUSD,1d,20,2021-12-01 00:00:00,2021-12-28 00:00:00,1.13303,1.133,0,1.13022,-0.245
EURUSD_1d_w20_00118.png,EURUSD,1d,20,2021-12-02 00:00:00,2021-12-29 00:00:00,1.13195,1.13148,0,1.12836,-0.275
EURUSD_1d_w20_00119.png,EURUSD,1d,20,2021-12-03 00:00:00,2021-12-30 00:00:00,1.13062,1.13602,0,1.12966,-0.56
EURUSD_1d_w20_00120.png,EURUSD,1d,20,2021-12-06 00:00:00,2021-12-31 00:00:00,1.13048,1.1325,0,1.12969,-0.249
EURUSD_1d_w20_00121.png,EURUSD,1d,20,2021-12-07 00:00:00,2022-01-03 00:00:00,1.12867,1.13735,0,1.13062,-0.591
EURUSD_1d_w20_00122.png,EURUSD,1d,20,2021-12-08 00:00:00,2022-01-04 00:00:00,1.12765,1.13022,0,1.13304,0.249
EURUSD_1d_w20_00123.png,EURUSD,1d,20,2021-12-09 00:00:00,2022-01-05 00:00:00,1.13456,1.12836,1,1.14223,1.229
EURUSD_1d_w20_00124.png,EURUSD,1d,20,2021-12-10 00:00:00,2022-01-06 00:00:00,1.12933,1.13135,1,1.14473,1.183
EURUSD_1d_w20_00125.png,EURUSD,1d,20,2021-12-13 00:00:00,2022-01-07 00:00:00,1.13118,1.12969,1,1.14268,1.15
EURUSD_1d_w20_00126.png,EURUSD,1d,20,2021-12-14 00:00:00,2022-01-10 00:00:00,1.12854,1.1354,0,1.14107,0.5
EURUSD_1d_w20_00127.png,EURUSD,1d,20,2021-12-15 00:00:00,2022-01-11 00:00:00,1.12613,1.13304,1,1.14587,1.132
EURUSD_1d_w20_00128.png,EURUSD,1d,20,2021-12-16 00:00:00,2022-01-12 00:00:00,1.12908,1.13665,0,1.13296,-0.324
EURUSD_1d_w20_00129.png,EURUSD,1d,20,2021-12-17 00:00:00,2022-01-13 00:00:00,1.13341,1.14416,0,1.13689,-0.636
EURUSD_1d_w20_00130.png,EURUSD,1d,20,2021-12-20 00:00:00,2022-01-14 00:00:00,1.12435,1.14571,0,1.13813,-0.662
EURUSD_1d_w20_00131.png,EURUSD,1d,20,2021-12-21 00:00:00,2022-01-17 00:00:00,1.12775,1.14107,0,1.13335,-0.676
EURUSD_1d_w20_00132.png,EURUSD,1d,20,2021-12-22 00:00:00,2022-01-18 00:00:00,1.12876,1.14106,0,1.13335,-0.676
EURUSD_1d_w20_00133.png,EURUSD,1d,20,2021-12-23 00:00:00,2022-01-19 00:00:00,1.13289,1.13296,0,1.13045,-0.222
EURUSD_1d_w20_00134.png,EURUSD,1d,20,2021-12-24 00:00:00,2022-01-20 00:00:00,1.13273,1.13434,0,1.12665,-0.678
EURUSD_1d_w20_00135.png,EURUSD,1d,20,2021-12-27 00:00:00,2022-01-21 00:00:00,1.13243,1.13138,0,1.12391,-0.66
EURUSD_1d_w20_00136.png,EURUSD,1d,20,2021-12-28 00:00:00,2022-01-24 00:00:00,1.133,1.13415,0,1.12704,-0.626
EURUSD_1d_w20_00137.png,EURUSD,1d,20,2021-12-29 00:00:00,2022-01-25 00:00:00,1.13148,1.13241,0,1.12526,-0.631
EURUSD_1d_w20_00138.png,EURUSD,1d,20,2021-12-30 00:00:00,2022-01-26 00:00:00,1.13602,1.13045,0,1.12327,-0.636
EURUSD_1d_w20_00139.png,EURUSD,1d,20,2021-12-31 00:00:00,2022-01-27 00:00:00,1.1325,1.12435,0,1.11644,-0.704
EURUSD_1d_w20_00140.png,EURUSD,1d,20,2022-01-03 00:00:00,2022-01-28 00:00:00,1.13735,1.1147,1,1.13123,1.482
EURUSD_1d_w20_00141.png,EURUSD,1d,20,2022-01-04 00:00:00,2022-01-31 00:00:00,1.13022,1.11524,1,1.13202,1.505
EURUSD_1d_w20_00142.png,EURUSD,1d,20,2022-01-05 00:00:00,2022-02-01 00:00:00,1.12836,1.12296,1,1.14009,1.525
EURUSD_1d_w20_00143.png,EURUSD,1d,20,2022-01-06 00:00:00,2022-02-02 00:00:00,1.13135,1.1274,1,1.14434,1.503
EURUSD_1d_w20_00144.png,EURUSD,1d,20,2022-01-07 00:00:00,2022-02-03 00:00:00,1.12969,1.12999,1,1.14844,1.632
EURUSD_1d_w20_00145.png,EURUSD,1d,20,2022-01-10 00:00:00,2022-02-04 00:00:00,1.1354,1.14358,0,1.14155,-0.177
EURUSD_1d_w20_00146.png,EURUSD,1d,20,2022-01-11 00:00:00,2022-02-07 00:00:00,1.13304,1.14551,0,1.1358,-0.848
EURUSD_1d_w20_00147.png,EURUSD,1d,20,2022-01-12 00:00:00,2022-02-08 00:00:00,1.13665,1.1443,0,1.13481,-0.829
EURUSD_1d_w20_00148.png,EURUSD,1d,20,2022-01-13 00:00:00,2022-02-09 00:00:00,1.14416,1.14213,0,1.13261,-0.833
EURUSD_1d_w20_00149.png,EURUSD,1d,20,2022-01-14 00:00:00,2022-02-10 00:00:00,1.14571,1.14215,0,1.13225,-0.867
EURUSD_1d_w20_00150.png,EURUSD,1d,20,2022-01-17 00:00:00,2022-02-11 00:00:00,1.14107,1.14155,0,1.13164,-0.868
EURUSD_1d_w20_00151.png,EURUSD,1d,20,2022-01-18 00:00:00,2022-02-14 00:00:00,1.14106,1.13651,0,1.13172,-0.421
EURUSD_1d_w20_00152.png,EURUSD,1d,20,2022-01-19 00:00:00,2022-02-15 00:00:00,1.13296,1.13063,0,1.13097,0.029
EURUSD_1d_w20_00153.png,EURUSD,1d,20,2022-01-20 00:00:00,2022-02-16 00:00:00,1.13434,1.13568,0,1.13291,-0.244
EURUSD_1d_w20_00154.png,EURUSD,1d,20,2022-01-21 00:00:00,2022-02-17 00:00:00,1.13138,1.13753,0,1.12823,-0.817
EURUSD_1d_w20_00155.png,EURUSD,1d,20,2022-01-24 00:00:00,2022-02-18 00:00:00,1.13415,1.13665,0,1.12743,-0.811
EURUSD_1d_w20_00156.png,EURUSD,1d,20,2022-01-25 00:00:00,2022-02-21 00:00:00,1.13241,1.13172,0,1.1229,-0.78
EURUSD_1d_w20_00157.png,EURUSD,1d,20,2022-01-26 00:00:00,2022-02-22 00:00:00,1.13045,1.13097,0,1.12232,-0.764
EURUSD_1d_w20_00158.png,EURUSD,1d,20,2022-01-27 00:00:00,2022-02-23 00:00:00,1.12435,1.13291,0,1.12517,-0.683
EURUSD_1d_w20_00159.png,EURUSD,1d,20,2022-01-28 00:00:00,2022-02-24 00:00:00,1.1147,1.13057,0,1.12258,-0.707
EURUSD_1d_w20_00160.png,EURUSD,1d,20,2022-01-31 00:00:00,2022-02-25 00:00:00,1.11524,1.11907,0,1.1104,-0.774
EURUSD_1d_w20_00161.png,EURUSD,1d,20,2022-02-01 00:00:00,2022-02-28 00:00:00,1.12296,1.11811,0,1.10913,-0.803
EURUSD_1d_w20_00162.png,EURUSD,1d,20,2022-02-02 00:00:00,2022-03-01 00:00:00,1.1274,1.12159,0,1.112,-0.855
EURUSD_1d_w20_00163.png,EURUSD,1d,20,2022-02-03 00:00:00,2022-03-02 00:00:00,1.12999,1.11328,0,1.10337,-0.89
EURUSD_1d_w20_00164.png,EURUSD,1d,20,2022-02-04 00:00:00,2022-03-03 00:00:00,1.14358,1.11123,0,1.10103,-0.919
EURUSD_1d_w20_00165.png,EURUSD,1d,20,2022-02-07 00:00:00,2022-03-04 00:00:00,1.14551,1.10668,0,1.09576,-0.987
EURUSD_1d_w20_00166.png,EURUSD,1d,20,2022-02-08 00:00:00,2022-03-07 00:00:00,1.1443,1.08745,0,1.09321,0.529
EURUSD_1d_w20_00167.png,EURUSD,1d,20,2022-02-09 00:00:00,2022-03-08 00:00:00,1.14213,1.08653,1,1.11094,2.246
EURUSD_1d_w20_00168.png,EURUSD,1d,20,2022-02-10 00:00:00,2022-03-09 00:00:00,1.14215,1.08982,0,1.09694,0.653
EURUSD_1d_w20_00169.png,EURUSD,1d,20,2022-02-11 00:00:00,2022-03-10 00:00:00,1.14155,1.10738,0,1.09287,-1.311
EURUSD_1d_w20_00170.png,EURUSD,1d,20,2022-02-14 00:00:00,2022-03-11 00:00:00,1.13651,1.10139,0,1.10995,0.777
EURUSD_1d_w20_00171.png,EURUSD,1d,20,2022-02-15 00:00:00,2022-03-14 00:00:00,1.13063,1.09321,0,1.10431,1.016
EURUSD_1d_w20_00172.png,EURUSD,1d,20,2022-02-16 00:00:00,2022-03-15 00:00:00,1.13568,1.09432,0,1.10172,0.676
EURUSD_1d_w20_00173.png,EURUSD,1d,20,2022-02-17 00:00:00,2022-03-16 00:00:00,1.13753,1.09694,0,1.10297,0.55
EURUSD_1d_w20_00174.png,EURUSD,1d,20,2022-02-18 00:00:00,2022-03-17 00:00:00,1.13665,1.1022,0,1.10063,-0.142
EURUSD_1d_w20_00175.png,EURUSD,1d,20,2022-02-21 00:00:00,2022-03-18 00:00:00,1.13172,1.10995,0,1.10096,-0.81
EURUSD_1d_w20_00176.png,EURUSD,1d,20,2022-02-22 00:00:00,2022-03-21 00:00:00,1.13097,1.10431,0,1.09819,-0.555
EURUSD_1d_w20_00177.png,EURUSD,1d,20,2022-02-23 00:00:00,2022-03-22 00:00:00,1.13291,1.10172,0,1.09938,-0.212
EURUSD_1d_w20_00178.png,EURUSD,1d,20,2022-02-24 00:00:00,2022-03-23 00:00:00,1.13057,1.10297,0,1.10915,0.56
EURUSD_1d_w20_00179.png,EURUSD,1d,20,2022-02-25 00:00:00,2022-03-24 00:00:00,1.11907,1.10063,0,1.11618,1.413
EURUSD_1d_w20_00180.png,EURUSD,1d,20,2022-02-28 00:00:00,2022-03-25 00:00:00,1.11811,1.10096,0,1.10724,0.57
EURUSD_1d_w20_00181.png,EURUSD,1d,20,2022-03-01 00:00:00,2022-03-28 00:00:00,1.12159,1.09819,0,1.10473,0.595
EURUSD_1d_w20_00182.png,EURUSD,1d,20,2022-03-02 00:00:00,2022-03-29 00:00:00,1.11328,1.09938,0,1.09759,-0.164
EURUSD_1d_w20_00183.png,EURUSD,1d,20,2022-03-03 00:00:00,2022-03-30 00:00:00,1.11123,1.10915,0,1.09885,-0.928
EURUSD_1d_w20_00184.png,EURUSD,1d,20,2022-03-04 00:00:00,2022-03-31 00:00:00,1.10668,1.11618,0,1.1061,-0.903
EURUSD_1d_w20_00185.png,EURUSD,1d,20,2022-03-07 00:00:00,2022-04-01 00:00:00,1.08745,1.10724,0,1.09701,-0.924
EURUSD_1d_w20_00186.png,EURUSD,1d,20,2022-03-08 00:00:00,2022-04-04 00:00:00,1.08653,1.10473,0,1.09446,-0.929
EURUSD_1d_w20_00187.png,EURUSD,1d,20,2022-03-09 00:00:00,2022-04-05 00:00:00,1.08982,1.09759,0,1.0871,-0.955
EURUSD_1d_w20_00188.png,EURUSD,1d,20,2022-03-10 00:00:00,2022-04-06 00:00:00,1.10738,1.09064,0,1.08261,-0.736
EURUSD_1d_w20_00189.png,EURUSD,1d,20,2022-03-11 00:00:00,2022-04-07 00:00:00,1.10139,1.08982,0,1.07995,-0.906
EURUSD_1d_w20_00190.png,EURUSD,1d,20,2022-03-14 00:00:00,2022-04-08 00:00:00,1.09321,1.08648,0,1.0767,-0.901
EURUSD_1d_w20_00191.png,EURUSD,1d,20,2022-03-15 00:00:00,2022-04-11 00:00:00,1.09432,1.08849,0,1.07882,-0.888
EURUSD_1d_w20_00192.png,EURUSD,1d,20,2022-03-16 00:00:00,2022-04-12 00:00:00,1.09694,1.0878,0,1.0783,-0.873
EURUSD_1d_w20_00193.png,EURUSD,1d,20,2022-03-17 00:00:00,2022-04-13 00:00:00,1.1022,1.08261,0,1.07945,-0.293
EURUSD_1d_w20_00194.png,EURUSD,1d,20,2022-03-18 00:00:00,2022-04-14 00:00:00,1.10995,1.08966,0,1.07933,-0.948
EURUSD_1d_w20_00195.png,EURUSD,1d,20,2022-03-21 00:00:00,2022-04-15 00:00:00,1.10431,1.0821,0,1.08352,0.131
EURUSD_1d_w20_00196.png,EURUSD,1d,20,2022-03-22 00:00:00,2022-04-18 00:00:00,1.10172,1.08153,0,1.07188,-0.892
EURUSD_1d_w20_00197.png,EURUSD,1d,20,2022-03-23 00:00:00,2022-04-19 00:00:00,1.10297,1.07818,0,1.06941,-0.814
EURUSD_1d_w20_00198.png,EURUSD,1d,20,2022-03-24 00:00:00,2022-04-20 00:00:00,1.10063,1.07945,0,1.07085,-0.797
EURUSD_1d_w20_00199.png,EURUSD,1d,20,2022-03-25 00:00:00,2022-04-21 00:00:00,1.10096,1.08499,0,1.07633,-0.798
EURUSD_1d_w20_00200.png,EURUSD,1d,20,2022-03-28 00:00:00,2022-04-22 00:00:00,1.09819,1.08352,0,1.07493,-0.793
EURUSD_1d_w20_00201.png,EURUSD,1d,20,2022-03-29 00:00:00,2022-04-25 00:00:00,1.09938,1.0811,0,1.07245,-0.8
EURUSD_1d_w20_00202.png,EURUSD,1d,20,2022-03-30 00:00:00,2022-04-26 00:00:00,1.10915,1.07142,0,1.0623,-0.852
EURUSD_1d_w20_00203.png,EURUSD,1d,20,2022-03-31 00:00:00,2022-04-27 00:00:00,1.11618,1.06436,0,1.05431,-0.944
EURUSD_1d_w20_00204.png,EURUSD,1d,20,2022-04-01 00:00:00,2022-04-28 00:00:00,1.10724,1.05551,0,1.06225,0.638
EURUSD_1d_w20_00205.png,EURUSD,1d,20,2022-04-04 00:00:00,2022-04-29 00:00:00,1.10473,1.05042,0,1.05397,0.338
EURUSD_1d_w20_00206.png,EURUSD,1d,20,2022-04-05 00:00:00,2022-05-02 00:00:00,1.09759,1.0536,0,1.05322,-0.036
EURUSD_1d_w20_00207.png,EURUSD,1d,20,2022-04-06 00:00:00,2022-05-03 00:00:00,1.09064,1.05091,0,1.05658,0.54
EURUSD_1d_w20_00208.png,EURUSD,1d,20,2022-04-07 00:00:00,2022-05-04 00:00:00,1.08982,1.05285,0,1.0533,0.042
EURUSD_1d_w20_00209.png,EURUSD,1d,20,2022-04-08 00:00:00,2022-05-05 00:00:00,1.08648,1.06225,0,1.05157,-1.005
EURUSD_1d_w20_00210.png,EURUSD,1d,20,2022-04-11 00:00:00,2022-05-06 00:00:00,1.08849,1.05397,0,1.04259,-1.08
EURUSD_1d_w20_00211.png,EURUSD,1d,20,2022-04-12 00:00:00,2022-05-09 00:00:00,1.0878,1.05322,0,1.04167,-1.096
EURUSD_1d_w20_00212.png,EURUSD,1d,20,2022-04-13 00:00:00,2022-05-10 00:00:00,1.08261,1.05658,0,1.04523,-1.075
EURUSD_1d_w20_00213.png,EURUSD,1d,20,2022-04-14 00:00:00,2022-05-11 00:00:00,1.08966,1.0533,0,1.04246,-1.029
EURUSD_1d_w20_00214.png,EURUSD,1d,20,2022-04-15 00:00:00,2022-05-12 00:00:00,1.0821,1.05125,0,1.03985,-1.084
EURUSD_1d_w20_00215.png,EURUSD,1d,20,2022-04-18 00:00:00,2022-05-13 00:00:00,1.08153,1.03796,0,1.0579,1.921
EURUSD_1d_w20_00216.png,EURUSD,1d,20,2022-04-19 00:00:00,2022-05-16 00:00:00,1.07818,1.04006,1,1.06169,2.079
EURUSD_1d_w20_00217.png,EURUSD,1d,20,2022-04-20 00:00:00,2022-05-17 00:00:00,1.07945,1.0439,1,1.06488,2.011
EURUSD_1d_w20_00218.png,EURUSD,1d,20,2022-04-21 00:00:00,2022-05-18 00:00:00,1.08499,1.05479,0,1.07365,1.789
EURUSD_1d_w20_00219.png,EURUSD,1d,20,2022-04-22 00:00:00,2022-05-19 00:00:00,1.08352,1.04727,1,1.06828,2.006
EURUSD_1d_w20_00220.png,EURUSD,1d,20,2022-04-25 00:00:00,2022-05-20 00:00:00,1.0811,1.0579,0,1.0733,1.455
EURUSD_1d_w20_00221.png,EURUSD,1d,20,2022-04-26 00:00:00,2022-05-23 00:00:00,1.07142,1.05698,0,1.07315,1.529
EURUSD_1d_w20_00222.png,EURUSD,1d,20,2022-04-27 00:00:00,2022-05-24 00:00:00,1.06436,1.0682,0,1.07735,0.856
EURUSD_1d_w20_00223.png,EURUSD,1d,20,2022-04-28 00:00:00,2022-05-25 00:00:00,1.05551,1.07365,0,1.07341,-0.023
EURUSD_1d_w20_00224.png,EURUSD,1d,20,2022-04-29 00:00:00,2022-05-26 00:00:00,1.05042,1.06866,0,1.06542,-0.304
EURUSD_1d_w20_00225.png,EURUSD,1d,20,2022-05-02 00:00:00,2022-05-27 00:00:00,1.0536,1.0733,0,1.07511,0.169
EURUSD_1d_w20_00226.png,EURUSD,1d,20,2022-05-03 00:00:00,2022-05-30 00:00:00,1.05091,1.07315,0,1.0726,-0.05
EURUSD_1d_w20_00227.png,EURUSD,1d,20,2022-05-04 00:00:00,2022-05-31 00:00:00,1.05285,1.07735,0,1.06588,-1.065
EURUSD_1d_w20_00228.png,EURUSD,1d,20,2022-05-05 00:00:00,2022-06-01 00:00:00,1.06225,1.07341,0,1.06986,-0.331
EURUSD_1d_w20_00229.png,EURUSD,1d,20,2022-05-06 00:00:00,2022-06-02 00:00:00,1.05397,1.06542,0,1.07177,0.596
EURUSD_1d_w20_00230.png,EURUSD,1d,20,2022-05-09 00:00:00,2022-06-03 00:00:00,1.05322,1.07511,0,1.06387,-1.046
EURUSD_1d_w20_00231.png,EURUSD,1d,20,2022-05-10 00:00:00,2022-06-06 00:00:00,1.05658,1.0726,0,1.06198,-0.99
EURUSD_1d_w20_00232.png,EURUSD,1d,20,2022-05-11 00:00:00,2022-06-07 00:00:00,1.0533,1.06914,0,1.05889,-0.959
EURUSD_1d_w20_00233.png,EURUSD,1d,20,2022-05-12 00:00:00,2022-06-08 00:00:00,1.05125,1.06986,0,1.06002,-0.92
EURUSD_1d_w20_00234.png,EURUSD,1d,20,2022-05-13 00:00:00,2022-06-09 00:00:00,1.03796,1.07177,0,1.06194,-0.917
EURUSD_1d_w20_00235.png,EURUSD,1d,20,2022-05-16 00:00:00,2022-06-10 00:00:00,1.04006,1.06192,0,1.05147,-0.984
EURUSD_1d_w20_00236.png,EURUSD,1d,20,2022-05-17 00:00:00,2022-06-13 00:00:00,1.0439,1.049,0,1.03838,-1.013
EURUSD_1d_w20_00237.png,EURUSD,1d,20,2022-05-18 00:00:00,2022-06-14 00:00:00,1.05479,1.04151,0,1.05208,1.014
EURUSD_1d_w20_00238.png,EURUSD,1d,20,2022-05-19 00:00:00,2022-06-15 00:00:00,1.04727,1.04406,0,1.05326,0.882
EURUSD_1d_w20_00239.png,EURUSD,1d,20,2022-05-20 00:00:00,2022-06-16 00:00:00,1.0579,1.04562,0,1.05641,1.032
EURUSD_1d_w20_00240.png,EURUSD,1d,20,2022-05-23 00:00:00,2022-06-17 00:00:00,1.05698,1.05469,0,1.05201,-0.254
EURUSD_1d_w20_00241.png,EURUSD,1d,20,2022-05-24 00:00:00,2022-06-20 00:00:00,1.0682,1.04914,0,1.05661,0.712
EURUSD_1d_w20_00242.png,EURUSD,1d,20,2022-05-25 00:00:00,2022-06-21 00:00:00,1.07365,1.05208,0,1.05809,0.571
EURUSD_1d_w20_00243.png,EURUSD,1d,20,2022-05-26 00:00:00,2022-06-22 00:00:00,1.06866,1.05326,0,1.05235,-0.086
EURUSD_1d_w20_00244.png,EURUSD,1d,20,2022-05-27 00:00:00,2022-06-23 00:00:00,1.0733,1.05641,0,1.04504,-1.077
EURUSD_1d_w20_00245.png,EURUSD,1d,20,2022-05-30 00:00:00,2022-06-24 00:00:00,1.07315,1.05201,0,1.04072,-1.074
EURUSD_1d_w20_00246.png,EURUSD,1d,20,2022-05-31 00:00:00,2022-06-27 00:00:00,1.07735,1.05661,0,1.04517,-1.083
EURUSD_1d_w20_00247.png,EURUSD,1d,20,2022-06-01 00:00:00,2022-06-28 00:00:00,1.07341,1.05809,0,1.04647,-1.098
EURUSD_1d_w20_00248.png,EURUSD,1d,20,2022-06-02 00:00:00,2022-06-29 00:00:00,1.06542,1.05235,0,1.04081,-1.097
EURUSD_1d_w20_00249.png,EURUSD,1d,20,2022-06-03 00:00:00,2022-06-30 00:00:00,1.07511,1.04466,0,1.03361,-1.057
EURUSD_1d_w20_00250.png,EURUSD,1d,20,2022-06-06 00:00:00,2022-07-01 00:00:00,1.0726,1.04777,0,1.03738,-0.991
EURUSD_1d_w20_00251.png,EURUSD,1d,20,2022-06-07 00:00:00,2022-07-04 00:00:00,1.06914,1.04339,0,1.03324,-0.973
EURUSD_1d_w20_00252.png,EURUSD,1d,20,2022-06-08 00:00:00,2022-07-05 00:00:00,1.06986,1.04332,0,1.03252,-1.035
EURUSD_1d_w20_00253.png,EURUSD,1d,20,2022-06-09 00:00:00,2022-07-06 00:00:00,1.07177,1.02577,0,1.01408,-1.139
EURUSD_1d_w20_00254.png,EURUSD,1d,20,2022-06-10 00:00:00,2022-07-07 00:00:00,1.06192,1.01864,0,1.00697,-1.146
EURUSD_1d_w20_00255.png,EURUSD,1d,20,2022-06-13 00:00:00,2022-07-08 00:00:00,1.049,1.01698,0,1.00495,-1.183
EURUSD_1d_w20_00256.png,EURUSD,1d,20,2022-06-14 00:00:00,2022-07-11 00:00:00,1.04151,1.01661,0,1.0044,-1.201
EURUSD_1d_w20_00257.png,EURUSD,1d,20,2022-06-15 00:00:00,2022-07-12 00:00:00,1.04406,1.00475,0,1.01452,0.972
EURUSD_1d_w20_00258.png,EURUSD,1d,20,2022-06-16 00:00:00,2022-07-13 00:00:00,1.04562,1.00331,0,1.02313,1.976
EURUSD_1d_w20_00259.png,EURUSD,1d,20,2022-06-17 00:00:00,2022-07-14 00:00:00,1.05469,1.00327,0,1.01828,1.496
EURUSD_1d_w20_00260.png,EURUSD,1d,20,2022-06-20 00:00:00,2022-07-15 00:00:00,1.04914,1.00257,0,1.02211,1.949
EURUSD_1d_w20_00261.png,EURUSD,1d,20,2022-06-21 00:00:00,2022-07-18 00:00:00,1.05208,1.00963,0,1.02002,1.029
EURUSD_1d_w20_00262.png,EURUSD,1d,20,2022-06-22 00:00:00,2022-07-19 00:00:00,1.05326,1.01452,0,1.02249,0.786
EURUSD_1d_w20_00263.png,EURUSD,1d,20,2022-06-23 00:00:00,2022-07-20 00:00:00,1.05641,1.02313,0,1.01296,-0.995
EURUSD_1d_w20_00264.png,EURUSD,1d,20,2022-06-24 00:00:00,2022-07-21 00:00:00,1.05201,1.01828,0,1.02093,0.26
EURUSD_1d_w20_00265.png,EURUSD,1d,20,2022-06-27 00:00:00,2022-07-22 00:00:00,1.05661,1.02211,0,1.01923,-0.281
EURUSD_1d_w20_00266.png,EURUSD,1d,20,2022-06-28 00:00:00,2022-07-25 00:00:00,1.05809,1.02002,0,1.02082,0.079
EURUSD_1d_w20_00267.png,EURUSD,1d,20,2022-06-29 00:00:00,2022-07-26 00:00:00,1.05235,1.02249,0,1.02614,0.356
EURUSD_1d_w20_00268.png,EURUSD,1d,20,2022-06-30 00:00:00,2022-07-27 00:00:00,1.04466,1.01296,0,1.01557,0.258
EURUSD_1d_w20_00269.png,EURUSD,1d,20,2022-07-01 00:00:00,2022-07-28 00:00:00,1.04777,1.02093,0,1.01576,-0.506
EURUSD_1d_w20_00270.png,EURUSD,1d,20,2022-07-04 00:00:00,2022-07-29 00:00:00,1.04339,1.01923,0,1.02478,0.544
EURUSD_1d_w20_00271.png,EURUSD,1d,20,2022-07-05 00:00:00,2022-08-01 00:00:00,1.04332,1.02082,0,1.01709,-0.366
EURUSD_1d_w20_00272.png,EURUSD,1d,20,2022-07-06 00:00:00,2022-08-02 00:00:00,1.02577,1.02614,0,1.01447,-1.137
EURUSD_1d_w20_00273.png,EURUSD,1d,20,2022-07-07 00:00:00,2022-08-03 00:00:00,1.01864,1.01557,0,1.02081,0.517
EURUSD_1d_w20_00274.png,EURUSD,1d,20,2022-07-08 00:00:00,2022-08-04 00:00:00,1.01698,1.01576,0,1.03008,1.409
EURUSD_1d_w20_00275.png,EURUSD,1d,20,2022-07-11 00:00:00,2022-08-05 00:00:00,1.01661,1.02478,0,1.03167,0.673
EURUSD_1d_w20_00276.png,EURUSD,1d,20,2022-07-12 00:00:00,2022-08-08 00:00:00,1.00475,1.01709,0,1.02564,0.841
EURUSD_1d_w20_00277.png,EURUSD,1d,20,2022-07-13 00:00:00,2022-08-09 00:00:00,1.00331,1.01976,0,1.0162,-0.35
EURUSD_1d_w20_00278.png,EURUSD,1d,20,2022-07-14 00:00:00,2022-08-10 00:00:00,1.00327,1.02081,0,1.01707,-0.367
EURUSD_1d_w20_00279.png,EURUSD,1d,20,2022-07-15 00:00:00,2022-08-11 00:00:00,1.00257,1.03008,0,1.01894,-1.081
EURUSD_1d_w20_00280.png,EURUSD,1d,20,2022-07-18 00:00:00,2022-08-12 00:00:00,1.00963,1.03167,0,1.02045,-1.088
EURUSD_1d_w20_00281.png,EURUSD,1d,20,2022-07-19 00:00:00,2022-08-15 00:00:00,1.01452,1.02564,0,1.01442,-1.094
EURUSD_1d_w20_00282.png,EURUSD,1d,20,2022-07-20 00:00:00,2022-08-16 00:00:00,1.02313,1.0162,0,1.00487,-1.115
EURUSD_1d_w20_00283.png,EURUSD,1d,20,2022-07-21 00:00:00,2022-08-17 00:00:00,1.01828,1.01707,0,1.00622,-1.066
EURUSD_1d_w20_00284.png,EURUSD,1d,20,2022-07-22 00:00:00,2022-08-18 00:00:00,1.02211,1.01802,0,1.00735,-1.048
EURUSD_1d_w20_00285.png,EURUSD,1d,20,2022-07-25 00:00:00,2022-08-19 00:00:00,1.02002,1.00899,0,0.9979,-1.099
EURUSD_1d_w20_00286.png,EURUSD,1d,20,2022-07-26 00:00:00,2022-08-22 00:00:00,1.02249,1.00352,0,0.99206,-1.143
EURUSD_1d_w20_00287.png,EURUSD,1d,20,2022-07-27 00:00:00,2022-08-23 00:00:00,1.01296,0.99395,0,1.0014,0.75
EURUSD_1d_w20_00288.png,EURUSD,1d,20,2022-07-28 00:00:00,2022-08-24 00:00:00,1.02093,0.99669,0,1.00251,0.583
EURUSD_1d_w20_00289.png,EURUSD,1d,20,2022-07-29 00:00:00,2022-08-25 00:00:00,1.01923,0.99691,0,1.00391,0.702
EURUSD_1d_w20_00290.png,EURUSD,1d,20,2022-08-01 00:00:00,2022-08-26 00:00:00,1.02082,0.99713,0,0.99523,-0.19
EURUSD_1d_w20_00291.png,EURUSD,1d,20,2022-08-02 00:00:00,2022-08-29 00:00:00,1.02614,0.99387,0,0.99094,-0.294
EURUSD_1d_w20_00292.png,EURUSD,1d,20,2022-08-03 00:00:00,2022-08-30 00:00:00,1.01557,1.0014,0,0.98989,-1.15
EURUSD_1d_w20_00293.png,EURUSD,1d,20,2022-08-04 00:00:00,2022-08-31 00:00:00,1.01576,1.00251,0,0.99136,-1.112
EURUSD_1d_w20_00294.png,EURUSD,1d,20,2022-08-05 00:00:00,2022-09-01 00:00:00,1.02478,1.00391,0,0.99247,-1.139
EURUSD_1d_w20_00295.png,EURUSD,1d,20,2022-08-08 00:00:00,2022-09-02 00:00:00,1.01709,0.99523,0,1.0012,0.6
EURUSD_1d_w20_00296.png,EURUSD,1d,20,2022-08-09 00:00:00,2022-09-05 00:00:00,1.01976,0.99094,1,1.01227,2.152
EURUSD_1d_w20_00297.png,EURUSD,1d,20,2022-08-10 00:00:00,2022-09-06 00:00:00,1.02081,0.99522,1,1.01755,2.244
EURUSD_1d_w20_00298.png,EURUSD,1d,20,2022-08-11 00:00:00,2022-09-07 00:00:00,1.03008,0.9898,1,1.01208,2.252
EURUSD_1d_w20_00299.png,EURUSD,1d,20,2022-08-12 00:00:00,2022-09-08 00:00:00,1.03167,0.99957,0,0.9984,-0.117
